use shop

CREATE TABLE salesman (
    salesman_id INT PRIMARY KEY,
    name VARCHAR(255),
    city VARCHAR(255),
    commission DECIMAL(4, 2)
);
 
INSERT INTO salesman (salesman_id, name, city, commission) VALUES
(5001, 'James Hoog', 'New York', 0.15),
(5002, 'Nail Knite', 'Paris', 0.13),
(5005, 'Pit Alex', 'London', 0.11),
(5006, 'Mc Lyon', 'Paris', 0.14),
(5003, 'Lauson Hen', NULL, 0.12),
(5007, 'Paul Adam', 'Rome', 0.13);
 
CREATE TABLE customer (
    customer_id INT PRIMARY KEY,
    cust_name VARCHAR(255),
    city VARCHAR(255),
    grade INT NULL,
    salesman_id INT
);
 
INSERT INTO customer (customer_id, cust_name, city, grade, salesman_id) VALUES
(3002, 'Nick Rimando', 'New York', 100, 5001),
(3005, 'Graham Zusi', 'California', 200, 5002),
(3001, 'Brad Guzan', 'London', NULL, 5005),
(3004, 'Fabian Johns', 'Paris', 300, 5006),
(3007, 'Brad Davis', 'New York', 200, 5001),
(3009, 'Geoff Camero', 'Berlin', 100, 5003),
(3008, 'Julian Green', 'London', 300, 5002),
(3003, 'Jozy Altidor', 'Moscow', 200, 5007);
 
 
CREATE TABLE orders (
    ord_no INT PRIMARY KEY,
    purch_amt DECIMAL(10, 2),
    ord_date DATE,
    customer_id INT,
    salesman_id INT
);
 
INSERT INTO orders (ord_no, purch_amt, ord_date, customer_id, salesman_id) VALUES
(70001, 150.5, '2012-10-05', 3005, 5002),
(70009, 270.65, '2012-09-10', 3001, 5005),
(70002, 65.26, '2012-10-05', 3002, 5001),
(70004, 110.5, '2012-08-17', 3009, 5003),
(70007, 948.5, '2012-09-10', 3005, 5002),
(70005, 2400.6, '2012-07-27', 3007, 5001),
(70008, 5760, '2012-09-10', 3002, 5001),
(70010, 1983.43, '2012-10-10', 3004, 5006),
(70003, 2480.4, '2012-10-10', 3009, 5003),
(70012, 250.45, '2012-06-27', 3008, 5002),
(70011, 75.29, '2012-08-17', 3003, 5007),
(70013, 3045.6, '2012-04-25', 3002, 5001);

-- Write a SQL query to retrieve the number of orders handled by each salesman in each city they operate.
-- The result should display the city, the salesman's name, and the total number of orders they've managed.
select * from customer
select * from salesman
select * from orders

SELECT s.salesman_id,s."name",s.city,COUNT(ord_no) as totOrders,ord_no,purch_amt
FROM salesman s 
JOIN orders o ON s.salesman_id = o.salesman_id
GROUP BY  s.salesman_id,s."name",s.city,ord_no,purch_amt
ORDER BY purch_amt desc

